pc,id,supply_amount,avg_gap,annul_var,supply_zero_count
-4.669730919321685,S229,425864.4,-0.011736130092113828,7275139115.692849,0
-4.0798262767370055,S140,329533.277,-0.5433624234556439,491400133432.66455,21
-3.846015907833144,S361,328080.0,-0.01637405510851012,3230903768.8504796,0
-3.3091040884494296,S108,262876.44999999995,-0.11600506625831263,18068398145.67294,0
-2.796496512212999,S282,203208.0,0.00398114247470572,1155036107.7820137,0
-2.770863116826837,S151,194498.0,-0.37024545239539736,68581020933.22525,0
-2.6873895323884205,S275,190263.59999999998,0.0021181140270656084,537021010.7479907,0
-2.6668746092555846,S329,187821.59999999998,0.000894465812238848,519743438.8557319,0
-2.6601883944935714,S340,187025.766,-0.003069095837843006,536031981.46494,0
-2.406650236319997,S139,165681.44199999998,-0.15623958656757708,54855434677.27038,18
-2.349406882459313,S131,150025.592,-0.012457874520501809,287575276.5523552,0
-2.3453973727849418,S308,149464.818,-0.3297096979705284,3256838090.986523,0
-2.344224988894739,S330,149087.332,-0.24366926091346247,5445732899.337024,0
-2.183953971028243,S356,130307.0,-0.017688995986401345,393157104.7812079,0
-2.1795107642318823,S268,129786.0,0.0032052763780376927,164262105.86973354,0
-2.14853992809645,S306,126096.0,0.003299073721608933,164699704.9297081,0
-2.066843252069575,S348,110905.2,-0.6734400190432911,464045126847.6274,46
-1.9868388636129515,S352,106837.19999999998,-0.0025178495879712316,126882625.69886355,0
-1.9408843299741358,S194,101365.0,-0.00014798007201696837,78606235.91108114,0
-1.9235229593510055,S143,99344.4,-0.11860759136901527,280114482.0262235,0
-1.5659874290441727,S247,56698.0,0.012310839888532224,13798820.538261205,0
-1.5506345759726536,S374,49224.0,0.012412644238582805,64935311725.72266,0
-1.4812812454389603,S284,46597.0,0.02322037899435586,47862048.97182677,0
-1.4733528430554723,S307,93835.19999999998,-0.2534976213617065,42875105503.32665,69
-1.4674447150850762,S031,44956.837,0.014525043209779194,7123228.855645741,0
-1.4395375464416431,S365,41631.0,0.01611779683408998,7784855.998213524,0
-1.38213695264213,S040,34808.354999999996,-0.013071574338976951,7385779.538802293,0
-1.3533889048694097,S364,31380.432999999997,-0.008508486801313418,11061593.78147789,0
-1.3309793583372074,S367,28731.485,-0.04542055518536546,4327817.238780875,0
-1.3209477581210298,S201,98386.79999999999,-2.7108311277529102,1030879095674.2787,212
-1.3087876236601534,S055,26228.731,-0.3093554163943349,55714229.138309754,0
-1.30257748727399,S346,25354.840000000004,-0.05797709628615285,1281807.1536943996,0
-1.251582686850659,S080,19237.0,0.018557987212143266,1339334.582922905,0
-1.2483309497317374,S294,18842.0,0.0324275554612037,517391.9128086239,0
-1.2275664985013288,S244,16406.0,-0.036267219310008536,596267.765993225,0
-1.2202096717648754,S218,15483.0,0.04798811599819156,542785.4590021546,0
-1.1601419977402263,S007,8337.6,0.027825753214354248,294106.44802326907,0
-1.1562243544517148,S266,7822.799999999999,0.1149204888275298,35708.36462774532,0
-1.1551898878557678,S123,7738.799999999999,0.04380524112265468,54550.37349207234,0
-1.138339461516642,S338,32848.919,-0.24545708794861712,505338013.83085126,36
-1.1296043550785475,S114,13117.2,-0.2784130759613332,20146904.775246892,11
-1.100352953105482,S150,2167.2,-1.698966408268734,1296497.875340066,0
-1.0686604309777803,S314,1670.0,-0.844311377245509,1735.5603845848145,5
-1.0355983546281002,S291,9580.800000000001,-0.5721860387441549,9553755.983497819,21
-1.0235465729219702,S086,17949.0,-0.6789236169145914,73515609.33642581,34
-0.9930443335388001,S037,50686.0,-0.3352207710215839,2280948735.8249664,83
-0.8914242109469297,S003,13138.0,-0.08684731313746384,2258296.4755823542,49
-0.8805895136061268,S098,450.583,0.17754775479767324,26.893204190278766,34
-0.8262906544495624,S395,91011.59999999999,-0.3251563536955729,25929111516.005135,166
-0.8237135407266023,S076,376.0,0.26595744680851063,12.341316298219416,43
-0.7979718562326665,S129,1525.0,-0.5777049180327869,40963.302173136566,48
-0.75825055486679,S074,13051.0,-1.5008045360508773,25091906.962667704,69
-0.6460211599657169,S067,233.0,0.21888412017167383,4.388620003928962,71
-0.6409190725623821,S146,384.03199999999987,-1.1561536538621786,2308.812035538956,71
-0.6193782584520918,S189,10670.399999999998,0.018274853801169593,454363.05790457927,89
-0.608454324931088,S213,246.0,0.23983739837398374,5.750237007963259,77
-0.5708540800993908,S126,47540.0,-1.782604122843921,38487954235.55998,149
-0.5369876410612515,S245,386.0,-0.49222797927461137,6431.221836543415,88
-0.4945559690002222,S239,430.0,-0.2186046511627907,57.65936746271989,95
-0.47002239522809464,S269,253.2,-2.476303317535545,10.441970923645453,97
-0.461976275338316,S046,236.39999999999998,-0.10575296108291034,7.027679001740627,100
-0.45658966224983966,S088,463.67500000000007,-0.321345770205424,85.22787465136963,101
-0.4533335846833738,S138,448.40099999999995,-5.073583689599266,54.45609264021046,98
-0.45233300804888216,S175,399.306,0.23540843363235214,59.93395244989696,102
-0.44815230959780333,S210,15694.0,-1.2048553587358226,37007476.50812468,122
-0.4135303282104132,S023,1631.0,-3.5775597792765175,51266.68885715791,107
-0.413213734492844,S263,427.0,-0.1053864168618267,67.92444567502135,108
-0.4085239146634166,S066,465.6,-1.1877147766323024,85.63039318895363,108
-0.40723755753279944,S360,441.855,-0.06336920482963868,62.24050506539003,109
-0.3957668438014516,S392,449.492,0.16463029375383767,81.2980841435704,111
-0.3955628393004645,S216,463.67500000000007,0.09489405294656816,78.60824750323395,111
-0.3889711611319484,S172,388.39599999999996,0.16735496761037705,49.423775389787544,112
-0.38853327518603537,S110,426.0,0.004694835680751174,55.43832139942033,112
-0.37750573612685706,S260,200.744,-1.9676802295460885,6.245535952865443,112
-0.3770787957467367,S324,462.58400000000006,0.1837504107362122,96.30810290142794,114
-0.37680029978587126,S092,434.218,0.17502729043936455,82.47582764507166,114
-0.376466781543136,S113,385.0,0.19220779220779222,72.64930063124461,114
-0.3763077663018568,S025,375.0,0.176,47.919157039069184,114
-0.37432076919704066,S202,436.4000000000001,-1.7231897341888172,73.91878602534801,113
-0.37058134130746156,S075,468.0,0.13034188034188035,412.38883623278343,115
-0.37055162041421624,S310,442.946,0.16932086529735,86.45997140885771,115
-0.37035909868500844,S174,377.486,0.24636675267427138,57.57977503997547,115
-0.36776877468217006,S258,451.67400000000004,-0.44722521110358354,91.56415115531011,115
-0.3641214935133086,S152,477.6,0.07747068676716917,112.85203416576158,116
-0.35836192238573134,S221,470.3999999999999,0.20620748299319733,109.13126903570706,117
-0.35760428221938023,S256,448.40099999999995,0.08251542703963641,145.6161979451863,117
-0.3410642527244734,S115,477.6,-0.8228643216080401,103.38508384735255,119
-0.33950827077722273,S376,390.578,-1.001080449999744,49.147131728015715,119
-0.339206493017071,S141,458.22,0.1702239099122692,118.06243919464933,120
-0.33246276364250277,S237,393.6,0.19054878048780488,85.05557697887028,121
-0.32872336035360444,S197,386.214,-0.6032924751562605,79.5899532477452,121
-0.32635647137727414,S169,391.66900000000004,0.2348922176633841,65.57400448079068,122
-0.32322079537541104,S186,377.0,-5.8514588859416445,61.52716735755905,118
-0.322557801485441,S005,8294.4,0.045090663580246916,594539.5080499382,133
-0.3003931939851865,S078,10263.6,-0.15433181339880744,6023811.804457907,139
-0.2933908846278901,S054,450.583,-0.19308318334246963,627.519546348219,127
-0.2791712140892102,S191,382.941,-11.29416803110662,55.41045362566443,121
-0.258568724104553,S064,476.4,-25.424013434089,103.73396183229707,114
-0.24072151251499346,S273,11380.8,-0.11106424855897652,7832642.048188378,150
-0.23716793180800635,S292,10992.0,-0.1730349344978166,3505130.379814179,150
-0.23121891973493652,S208,10508.399999999998,-0.5834380114955656,18838561.712005287,150
-0.20637569949879156,S318,415.20000000000005,0.11319845857418111,4662.871272724121,141
-0.17086072967550736,S224,117.828,-1.578572156024035,2.136465819866637,145
-0.15917842213662872,S333,194.198,-6.9568172689729035,15.495373421797444,143
-0.1394500621542144,S154,9160.8,-0.28272639944109684,5921405.992527472,163
-0.13008436671362317,S304,187.2,-0.9935897435897436,19.818318263040005,152
-0.035343528474670684,S149,251.0,0.18326693227091634,114.81329785838965,168
-0.02833293571193759,S002,327.59999999999997,-0.1098901098901099,5733.816012032316,169
-0.02769660908716286,S280,138.557,-5.3407622855575685,42.55119548901477,165
-0.017124627513086212,S157,473.99999999999994,-69.3860759493671,101.17509924754695,120
-0.0162189862060611,S069,184.379,-1.1064166743501158,69.32288059876123,170
-0.014825073232585738,S362,91.0,0.12087912087912088,5.51391615993337,171
-0.010012328655657174,S253,223.0,0.20179372197309417,132.50262779557937,172
0.016624058534881542,S065,226.8,-0.11904761904761904,508.1566307383806,176
0.03171891249287762,S388,124.37400000000001,-3.1919854631997038,63.41668546445841,176
0.053678528231748054,S165,90.0,-6.511111111111111,4.493379071799631,177
0.05492666912764017,S270,92.0,0.010869565217391304,19.077072143554688,182
0.05999790884482184,S265,169.2,-2.58274231678487,227.6985065484376,181
0.06140185585444167,S233,195.289,-0.2150658767262877,150.55829338797446,183
0.06507407461918797,S267,82.0,-7.597560975609756,5.452450192207822,178
0.07538359973104217,S035,172.80000000000004,-0.4745370370370369,207.74023966079986,185
0.07878988545558444,S357,220.0,0.06363636363636363,1681.9700208256018,186
0.09369928920651353,S397,56.732,-0.14101388986815203,1.0873103686825456,188
0.09378094373269225,S180,56.732,-0.158640626101671,1.0873103686825456,188
0.09631591626837824,S299,74.4,-14.32795698924731,0.7705150033374848,178
0.09771863458583677,S211,69.6,-3.7500000000000004,2.1766085838871017,186
0.09827496786602753,S128,159.6,0.04385964912280702,217.07718304822097,189
0.11045142926192816,S036,135.284,0.17740457112444932,48.24720960664347,191
0.1117234175562374,S271,247.0,-0.29959514170040485,2132.0152663691442,191
0.11317318426569196,S366,53.458999999999996,-0.26188293832656806,0.9926696476916069,191
0.11545231816776531,S331,70.0,-2.142857142857143,6.74597993448802,190
0.11917434550069285,S102,157.2,-3.1043256997455475,123.90272201156615,190
0.12351653823056077,S159,258.0,-0.14728682170542637,1849.59141318321,193
0.12749110365132332,S176,55.641000000000005,-6.074657177261371,0.7971971800105635,189
0.12922310588801597,S332,366.0,-0.21584699453551912,68806.99863906486,194
0.13313842535109752,S214,56.732,-8.65472749065783,0.7029254752928221,188
0.13497798678215286,S178,195.6,0.20961145194274028,250.09068900082303,195
0.13738159882713022,S163,302.4,-1.861772486772487,3091.0166103427764,194
0.14025613804782297,S024,135.284,-0.8204961414505781,69.43825380001262,195
0.14109731124871355,S039,385.0,-1.4545454545454546,68496.22378472211,195
0.1461332920850632,S117,134.193,-23.83134738771769,62.56406035873367,179
0.14884361216732606,S295,67.19999999999999,-17.500000000000004,1.124244969054005,184
0.1546860961611329,S207,154.0,-2.6103896103896105,136.79587801734223,196
0.16136191767918348,S386,129.829,0.06932195426291506,176.50475408877173,199
0.16744556322043938,S021,96.0,-2.5416666666666665,17.890660799267152,198
0.17249097477198547,S342,224.0,0.21428571428571427,568.95262734375,201
0.1860965848021635,S313,384.0,-1.6536458333333333,4220.277200267295,202
0.18637706007865487,S106,92.39999999999999,0.17316017316017318,34.63321499013806,203
0.1870590394861778,S351,44.0,0.11363636363636363,2.0398151498136334,203
0.18896552558003946,S209,195.6,-0.5725971370143149,2334.74082252686,203
0.19160217901272342,S379,249.0,0.12048192771084337,9975.634784845053,204
0.1982312308259712,S059,47.0,-15.893617021276595,0.4650597544477246,193
0.1992113129255627,S339,44.0,-12.022727272727273,0.5860001631325251,196
0.20365294557229083,S279,89.0,-2.191011235955056,52.353163274846764,204
0.20577263921557606,S226,240.0,-0.20416666666666666,2980.6745625170356,206
0.2119521055934125,S353,74.188,0.12131341996010137,29.66914441219411,207
0.21282362032615815,S296,74.4,-0.06720430107526881,21.728433807360002,207
0.21774761299441883,S359,86.0,-1.1511627906976745,46.27467365029418,207
0.21866433469602184,S011,85.0,0.011764705882352941,70.23491803120454,208
0.21967410015964753,S020,72.0,-1.5416666666666667,12.838239297190547,207
0.2214642528363202,S312,92.39999999999999,-0.6060606060606061,32.807166859708985,208
0.22377043822984388,S274,92.39999999999999,-1.103896103896104,36.962215736501584,208
0.22384846754576668,S336,172.8,0.09259259259259259,1614.379368710371,209
0.22409993910568238,S053,92.39999999999999,0.183982683982684,71.78848775501582,209
0.22472051394137463,S301,89.0,0.056179775280898875,83.116114453125,209
0.22478098705192412,S122,87.6,0.04566210045662101,33.204232427983534,209
0.2260452793180157,S377,71.0,-0.19718309859154928,20.845663807724154,209
0.2266704870820977,S235,206.199,-0.5771124011270665,12134.788909151996,209
0.22801608148491279,S010,185.47,-2.1890332668356067,701.2488848537138,208
0.22814709159090243,S018,72.006,-0.6527233841624309,17.640849056780112,209
0.23096612915309434,S286,73.09700000000001,0.09576316401493905,52.20686161780607,210
0.23130275640694126,S027,97.19999999999999,-0.020576131687242802,58.6313798397887,210
0.23223103229080644,S227,304.79999999999995,-0.5971128608923886,27932.48711758458,210
0.23303671506096696,S311,70.91499999999999,-1.7062680674046395,15.834524379425527,209
0.233123726570479,S032,71.0,-0.36619718309859156,20.910259544849396,210
0.23674939619853813,S050,72.006,0.20831597366886093,36.746735081552856,211
0.2371767480590263,S259,73.097,-1.2449211321942077,25.806118239180183,210
0.23951595305023352,S171,72.0,-0.3888888888888889,26.77849326231431,211
0.24029651252804726,S090,145.0,-0.6896551724137931,786.5400647770962,211
0.24038624041275955,S091,87.6,-0.6050228310502284,54.58077060502084,211
0.24212474821267582,S030,194.39999999999998,0.1851851851851852,2681.5041460013776,212
0.24268581950172058,S381,241.20000000000005,-0.020729684908789382,7349.527341979977,212
0.24399959386367606,S249,73.097,-4.076774696635977,23.974591196454586,209
0.24404397168364894,S316,75.279,-0.01328391716149258,37.56899403453172,212
0.24471504615165324,S132,75.6,-0.15873015873015875,37.37420725248,212
0.24506421006113763,S322,74.188,-1.5905537283657734,28.72168435780014,211
0.2453383474314183,S347,82.0,-0.3048780487804878,222.94631523782823,212
0.2457707405403019,S167,163.2,-0.545343137254902,811.7990721146189,212
0.2458645794102,S399,70.915,-3.116406966086159,13.4719452186718,210
0.2461339441233247,S401,73.097,-1.8195001162838422,22.362178906567657,211
0.24958141536171358,S383,147.0,0.02040816326530612,860.7382866285125,213
0.24981997221115682,S205,72.0,-3.9722222222222223,19.312335614475874,210
0.2510183493249418,S182,153.0,-0.3006535947712418,1007.6183059127239,213
0.2515921674663816,S087,76.8,-0.28645833333333337,54.066765233538696,213
0.252630745240252,S041,71.0,-1.8591549295774648,16.943310100690727,212
0.2531210318582715,S082,69.6,-0.6034482758620691,26.60398122427984,213
0.25315668362078403,S389,75.279,-6.057466225640617,23.86537246077562,209
0.25438069857250806,S243,75.6,-0.8862433862433863,22.523658294238242,213
0.2553918627536647,S254,193.20000000000002,0.041407867494824016,2143.8447278880653,214
0.25560816194241237,S004,69.82400000000001,-9.294798350137487,10.99517649076559,207
0.25595690057343806,S133,71.0,0.14084507042253522,37.36635679012345,214
0.25679351829905755,S232,129.829,-0.14634634788837625,617.9667533399904,214
0.2571497665898819,S121,164.4,-0.28588807785888076,1360.8974926586409,214
0.2584391295658715,S048,70.915,-0.3948388916308256,34.29573743010485,214
0.2589598919225047,S248,75.279,-5.9511948883486765,19.15338586925657,210
0.2609463096228417,S187,88.8,-0.9684684684684685,43.26307302512843,214
0.2615523188405931,S070,46.0,-1.0217391304347827,11.105303456892958,214
0.2618612324923406,S193,110.191,0.15427757257852273,224.47644374352234,215
0.26208928056988406,S130,72.0,-3.9027777777777777,14.338424682617188,212
0.2630796049568391,S242,94.79999999999998,-5.516877637130802,79.50430187492036,211
0.26360028829300847,S052,64.80000000000001,-0.13888888888888887,21.322501688888885,215
0.2636773624992363,S017,165.6,-0.33816425120772947,966.8066475809466,215
0.2644187903626627,S105,130.92,-0.43538038496791936,2514.8923629951887,215
0.2648660299815079,S325,73.0,-5.863013698630137,29.500266542133488,211
0.2652017627568686,S089,169.2,-0.673758865248227,1372.0230223683682,215
0.2666985087972485,S042,165.6,-0.9903381642512078,1195.179342591627,215
0.26966032375279253,S104,186.0,-1.6666666666666667,2253.3526069315844,215
0.2742413885919686,S170,162.0,-1.2530864197530864,1360.6784381269333,216
0.27487547513815835,S188,55.64099999999999,0.16175122661346852,38.22997705401239,217
0.2755147335146686,S203,43.2,0.046296296296296294,12.284454602249058,217
0.27555643603721774,S081,53.459,0.01870592416618343,95.25590377398346,217
0.27595404375103305,S116,90.0,-0.13333333333333333,101.82222949682553,217
0.2762188019379577,S127,189.6,-1.729957805907173,1310.2629152069092,216
0.27640104461988263,S349,42.0,-0.14285714285714285,8.643278633902536,217
0.2768206709271756,S199,141.82999999999998,-9.927377846717903,717.3974536522184,210
0.2788230738627775,S001,53.459,-3.4044781982453842,7.137181710302438,215
0.2795561488253197,S278,74.4,-4.959677419354838,20.87883513957436,214
0.2800675568865815,S391,70.0,-11.857142857142858,12.476000961333046,209
0.2806228978061786,S220,70.0,-7.9,19.785116418576298,212
0.2811437597705666,S085,46.0,-1.173913043478261,17.628025879516347,217
0.2820246998702171,S337,43.199999999999996,0.0,10.3019136,218
0.28273869742779106,S185,76.79999999999998,-5.651041666666668,29.591733649742903,214
0.2829435004953633,S079,69.82399999999998,-2.964596700274978,27.517834116014026,216
0.2836160911255735,S370,69.6,-4.468390804597702,35.25991354368,215
0.2836511458110733,S184,87.6,-5.8675799086758,214.90350016633977,214
0.28581441709347516,S385,57.82300000000001,-3.5625961987444437,11.341296711633305,216
0.28795880516043026,S057,54.55,-1.301558203483043,17.25610893653307,218
0.28824415880083015,S038,43.2,-1.3425925925925926,3.619214409375001,218
0.29048061250950247,S200,70.91499999999999,-12.747655644080943,19.95238478884022,210
0.29227532581288557,S094,41.0,-4.926829268292683,6.633210158870372,216
0.2943931502988265,S029,74.18799999999999,-12.239176147085784,13.757868335565323,211
0.29460898965193316,S013,44.0,0.0,33.39599395431235,220
0.2950779874388922,S217,166.79999999999998,-0.32374100719424465,520.8512300587253,220
0.2954545537650567,S326,82.0,-13.841463414634147,122.5509773194112,210
0.2956295043980993,S219,43.2,-7.013888888888888,6.08719135802469,215
0.29640908418721773,S196,48.0,-0.3958333333333333,16.96586783854166,220
0.2979474053175895,S177,47.0,-2.0851063829787235,13.324235362738605,219
0.3003634171242668,S061,84.0,-14.904761904761905,29.104675615813143,210
0.30078612376291586,S261,75.279,-16.339218108635876,20.538865477839416,209
0.3014636838050509,S384,89.0,-0.20224719101123595,912.7649998123934,221
0.30190541678420985,S028,115.646,-0.34588312609169364,261.82816366256816,221
0.30241488637912745,S049,45.599999999999994,-0.32894736842105265,12.881790433546733,221
0.3027919298992247,S378,53.459,-3.1425952599188163,29.117171802373615,219
0.3034671608900068,S363,67.2,-0.5952380952380952,129.41892002958818,221
0.30849349348297617,S255,43.2,-0.27777777777777773,17.73225308641974,222
0.31058281632005386,S045,33.821,-3.42982170840602,6.243055659566656,220
0.3109910193706399,S109,43.2,-2.1759259259259256,11.576436250520612,221
0.31122498457520203,S198,64.8,-6.342592592592593,16.345630458049907,218
0.31330417550937967,S033,30.0,0.06666666666666667,12.082780211938214,223
0.313439086895018,S073,34.912,0.02864344637946838,23.520031707619005,223
0.3134538020241599,S319,72.006,-19.06785545648974,27.554181744093043,209
0.3135349608116747,S101,67.19999999999999,-10.92261904761905,21.5761221548898,215
0.3135964729359827,S016,44.4,-0.022522522522522525,45.155677071238316,223
0.31371693537119694,S148,70.8,-13.686440677966102,23.691294323437496,213
0.3173052716692188,S056,33.599999999999994,-0.8035714285714287,7.844263472440402,223
0.3174263934306112,S327,38.185,-0.8380254026450177,15.436723604740886,223
0.31829547965546634,S369,146.0,-13.452054794520548,712.5794746604911,214
0.3194289616362322,S305,28.0,0.10714285714285714,7.116212499999998,224
0.32042976900122017,S014,33.599999999999994,-0.11904761904761907,9.14384189402022,224
0.3205870677808458,S236,28.0,-0.14285714285714285,7.36100352,224
0.3212734656992208,S120,36.003,-0.30553009471432935,12.064440132196562,224
0.3235480853929336,S022,168.0,-1.0357142857142858,2592.9031714591442,224
0.32419876062592795,S072,33.6,-2.2916666666666665,8.375332521044776,223
0.32592931953089016,S317,34.8,-8.10344827586207,2.334817043435783,219
0.3260126684576717,S134,56.732,-8.161178876119298,14.493535527537562,219
0.3269424526717094,S320,42.0,-6.976190476190476,7.004668545707137,220
0.3294534594287529,S142,132.011,-0.8862897788820628,2573.2051593560323,225
0.32963187317248155,S281,43.2,-0.7638888888888888,195.12071912560387,225
0.3312956527762501,S206,31.0,0.25806451612903225,19.892306172839508,226
0.3317799454858409,S026,33.599999999999994,0.14880952380952384,22.20287898851786,226
0.3319275278293734,S225,34.912000000000006,0.11457378551787349,37.45037108139039,226
0.3320362681166117,S044,30.0,0.1,11.769974018510322,226
0.3320999372286181,S008,41.0,-1.2926829268292683,43.224190136434046,225
0.33281978082846625,S345,87.0,-0.1724137931034483,976.5569747057352,226
0.3332078630503664,S107,69.0,-20.608695652173914,13.9338939517466,211
0.3340264253497265,S164,72.0,-11.277777777777779,29.156892589869383,218
0.334406445925222,S341,75.6,-18.16137566137566,32.12127559999999,213
0.33472840152697947,S166,34.912,-3.2080659945004584,10.931742320060376,224
0.3350042903210966,S058,37.093999999999994,-8.707607699358388,4.203815412639751,220
0.33531822717824117,S173,372.0,-3.946236559139785,526894.7843355417,224
0.3358292092620441,S125,53.45899999999999,-3.479301894910119,22.478050891033394,224
0.3360615862954777,S124,37.093999999999994,-0.7817975952984312,16.578646951272166,226
0.33696522655346584,S155,48.0,-7.791666666666667,22.08610679266372,221
0.3376679613580039,S398,41.0,-3.8536585365853657,14.018748046875,224
0.3378613563636922,S043,46.8,-6.623931623931624,9.552675952754399,222
0.3383300310876037,S298,55.64099999999999,0.05391707553782284,250.09177878332915,227
0.33874696326203585,S084,70.0,-6.857142857142857,40.547179857955875,222
0.34064119492604167,S368,86.0,-0.5,890.349049382716,227
0.34080350787981345,S288,36.0,-0.4444444444444444,22.05869872276483,227
0.34518831786082577,S283,36.0,-2.75,8.313015714610696,226
0.3461874962924544,S071,229.2,-0.5977312390924957,1951.2271177340538,228
0.3469405579639964,S068,42.0,-5.857142857142857,41.032553538669546,224
0.3487479502849935,S077,139.648,-0.988198900091659,5233.48882187716,228
0.34897080710987277,S095,34.912,-2.205545371219065,11.393268532862898,227
0.34936563734304177,S223,28.0,-7.714285714285714,5.028656556187008,223
0.349947442162432,S099,72.0,-18.791666666666668,31.466202555700917,215
0.3507302089018589,S390,72.006,-2.6525567313834957,564.1138856303701,227
0.3508885289362046,S019,118.91900000000001,-1.4127263095047888,3902.537040367149,228
0.351726208869018,S156,33.599999999999994,-6.875000000000001,5.610227213541667,224
0.35265485520646245,S375,122.192,-3.158962943564227,16827.77638479659,227
0.3561593960894417,S276,56.732,-11.950927166325883,18.70728916338434,221
0.3565691525065899,S257,31.0,-3.838709677419355,9.441700253990977,227
0.35699755974011077,S358,37.093999999999994,0.13479268884455708,300.13076734565016,230
0.3573730860348084,S060,86.0,-0.03488372093023256,297.76674815999996,230
0.3587610838308424,S302,70.8,-20.69209039548023,11.692833744462526,215
0.36058287732652816,S118,72.006,-25.1645696191984,23.13344691992154,212
0.3619566418490342,S382,28.0,-7.714285714285714,5.626120701476553,225
0.36365570465677105,S303,58.914,0.016973894150796077,793.6103732319889,231
0.3661285429231952,S396,45.599999999999994,-22.23684210526316,3.894408981144005,215
0.3676981414952324,S380,85.0,-22.647058823529413,105.84645232000003,215
0.36862299477391774,S300,358.79999999999995,-0.2396878483835006,164813.62092753223,232
0.3715010941120747,S147,117.82799999999997,-0.42434735376990196,17676.088115830407,232
0.37173410934743323,S272,34.91199999999999,-8.478460128322642,29.293956594856784,226
0.37179055677839434,S119,34.8,-1.6954022988505748,143.07986932096577,231
0.37562386451718316,S394,172.8,-4.131944444444444,1000.5871183662318,230
0.37725874352454397,S344,58.914,-2.919509793936925,1266.6986860972734,231
0.37813194882924506,S181,43.199999999999996,-12.592592592592593,12.5556528960908,224
0.38218949285739673,S012,34.8,-8.017241379310345,10.476344365488915,228
0.3882826569819545,S230,56.732,-27.03941338221815,14.806972159800715,215
0.3883611265855356,S135,87.0,0.06896551724137931,5185.61710398445,235
0.3887068951057064,S062,89.99999999999999,-0.011111111111111113,5551.143466194131,235
0.38871973522379444,S264,34.912000000000006,0.08593033913840512,2078.52380220866,235
0.39040602351557835,S204,97.2,-0.39094650205761317,2838.6485669867398,235
0.39056284141601527,S112,134.19299999999998,-0.49182893295477415,24581.01918890909,235
0.3908123746891183,S136,42.0,-19.404761904761905,14.509443728228945,221
0.39165198784454425,S293,230.4,-4.978298611111111,129884.31962077747,232
0.3933814731573973,S240,53.459,-0.9540021324753549,297.5326506957288,235
0.3946766439046812,S009,33.821,-20.224121108187223,3.5795716514199882,221
0.3965556295866097,S145,75.6,-32.93650793650794,28.27607587667138,212
0.39776221401602907,S153,190.92499999999993,-13.020819693596968,80238.74858844714,227
0.3983635054026133,S328,36.003,-0.6388356525845068,277.6626476406089,236
0.39888723127438636,S400,57.82299999999999,-13.022499697352266,131.87399417445917,227
0.39918623761578137,S315,34.912,-11.686526122823098,32.85735542388987,228
0.4039506861643728,S190,52.367999999999995,-0.5155820348304309,1182.6729842787727,237
0.40550192677252295,S006,30.0,-14.4,5.265649504815245,227
0.4065452610019972,S144,33.6,-1.0416666666666665,618.1001568,237
0.40740105603782745,S252,48.0,-29.791666666666668,10.14416918007147,216
0.4076091483578628,S321,36.003,0.08332638946754437,767.4418284848189,238
0.4127717050208409,S350,46.8,-25.512820512820515,7.5022847180799985,220
0.4133732048929383,S250,42.0,-14.761904761904763,45.392588700209465,228
0.4146487690273249,S179,33.821,-17.740457112444933,7.901122512962858,226
0.4193086952353902,S393,36.003,-1.0832430630780767,1289.4670435917574,239
0.4212946426074229,S334,148.0,-13.945945945945946,492.13359154711543,230
0.42176174419179,S373,36.0,-20.63888888888889,6.577389665799757,225
0.4219639124245413,S309,44.4,-24.774774774774777,19.602111060305848,222
0.42731972433320176,S215,54.55,-20.513290559120076,52.350638810529404,226
0.429565530321376,S063,30.0,-30.466666666666665,1.7232844236719094,219
0.43013501346706173,S354,68.4,-33.37719298245614,21.247089099884022,217
0.432176702455767,S287,72.006,-10.721328778157377,799.4960240191081,234
0.43885154044643726,S228,151.0,-24.5364238410596,1652.6302519296842,225
0.4431309998798746,S192,30.0,-26.6,3.713579144765988,224
0.44371963722978525,S289,48.0,-24.041666666666668,23.796007848292373,226
0.4576176819590819,S241,28.0,-22.928571428571427,5.853451971509267,229
0.45987404963447404,S372,34.8,-22.06896551724138,18.15682158654575,230
0.4608174151638732,S111,33.821,-30.424883947843057,10.631020078000104,224
0.4712990778169929,S093,43.2,-27.268518518518515,21.368837294523125,228
0.4713477893854902,S195,43.199999999999996,-34.074074074074076,15.733101277850457,223
0.4728212249258896,S262,28.0,-28.928571428571427,8.289570711096939,227
0.4773102211431065,S100,42.0,-34.0,10.2054742692453,224
0.4821778423885771,S402,38.185,-24.171795207542228,138.54021157486403,232
0.48353146559310933,S222,34.912,-33.9711274060495,11.519621659001933,225
0.4916731703920418,S162,28.0,-34.357142857142854,2.976038551125389,226
0.4921400278893429,S371,58.914,-48.104016023356074,22.173995204348742,216
0.5002322568036812,S212,31.0,-30.774193548387096,7.019227247114499,230
0.5046157804731236,S234,45.0,-79.31111111111112,0.43244115501726743,195
0.5138886067016422,S355,31.0,-29.64516129032258,114.92639822670814,233
0.5247563527201863,S323,34.8,-38.793103448275865,52.40756626168552,228
0.5267045140566842,S168,33.821,-46.00691877827386,5.053666993154548,223
0.5744693707029154,S238,34.912,-37.29376718606783,166.97122617600584,237
0.5760815853020068,S277,30.0,-55.3,3.73789215542291,224
0.5912976304002843,S034,30.0,-55.86666666666667,7.867168021110894,226
0.5981387875910086,S387,36.003,-55.99533372218982,13.251871242188594,227
0.6026856712673666,S251,43.2,-47.47685185185185,167.007273281512,234
0.6319224546822831,S083,33.6,-64.64285714285714,16.102850097656248,226
0.6935072973088551,S103,30.0,-83.36666666666666,15.703997743662288,222
0.7425882714604325,S290,31.0,-95.3225806451613,3.0886870774848347,221
0.7440137417435109,S051,34.800000000000004,-90.20114942528734,8.545498680795196,225
0.8084752740814707,S047,72.006,-121.85095686470572,12.440299232306275,212
0.8434324719099685,S343,28.0,-106.21428571428571,5.719148771345274,229
0.9437831003681009,S231,31.0,-134.67741935483872,2.9724243291702708,224
0.987285329495481,S137,36.003,-148.1543204732939,4.160979612772325,221
1.0274398668549158,S285,42.0,-156.83333333333334,14.50569036772991,221
1.0584368786656555,S297,31.0,-156.70967741935485,5.0724579892015695,226
1.2005826458049276,S097,75.6,-209.21957671957674,24.547064217001626,210
1.2080684875200467,S096,87.60000000000001,-208.13926940639269,55.759855916272954,212
1.3195361155034682,S335,54.55,-218.5517873510541,21.533647587360296,222
1.3502559001532175,S158,44.39999999999999,-227.88288288288294,10.568200412670667,220
1.735144870706014,S246,44.0,-308.25,7.618002120722833,222
1.7765005758457981,S183,28.0,-313.07142857142856,4.913329940147097,225
2.749078900896864,S161,47.0,-529.8510638297872,12.21277612710286,220
4.166536490138389,S015,33.6,-829.0178571428571,6.474557333739777,225
6.743244438793736,S160,45.0,-1392.0666666666666,8.566551890766993,220
